SKU,Name,Brand,Expiration Date
5,DOLMAS SPICY,DIVINA,2023-01-14
1,COLBY JACK CUBES,STORE BRAND,2023-01-21
8,PEPPERS PEPPADEWS GOLDEN,DIVINA,2023-01-21
3,ARTICHOKE PIQUILLO PEPPERS,DIVINA,2023-01-21
4,OLIVES SPICY GREEK GARDEN MDLY DIVINA,DIVINA,2023-01-21
7,PICKLED CARROT STICKS CHIPOTLE,DIVINA,2023-01-21
2,OLIVES MT ATHOS W GARLIC,DIVINA,2023-01-21
9,OLIVES GRILLED,DIVINA,2023-01-22
10,OVELHA AMANTEIGADO RAW,MITICA,2023-01-23
11,TRUFFLED MARCONA ALMONDS,MITICA,2023-01-24
12,HORSERADISH WHEEL,YANCEYS FANCY,2023-01-25
13,JALAPENO CAYENNE WHEEL,YANCEYS FANCY,2023-01-26
14,CHEDDAR W PEPPER WHEEL,YANCEYS FANCY,2023-01-27
15,CAULIFLOWER CURRIED PICKLED,DIVINA,2023-01-28
16,FAVA BEANS FRIED,MITICA,2023-01-29
17,BLUE ROGUE RIVER PASTEURIZED OG,ROGUE CREAMERY,2023-01-30
6,PECORINO CAMOMILLA,MITICA,2023-01-30
18,BRUSSEL SPROUTS PICKLED SPICY,DIVINA,2023-01-31
19,BELLAVITANO HERBS DE PROVENCE,SARTORI CHEESE,2023-02-01
20,GOUDA CREAMY RED WAX,SPRING KOE,2023-02-02
21,MUSHROOMS MIX WILD,DIVINA,2023-02-03
22,BLUE OREGON OG,ROGUE CREAMERY,2023-02-04
23,1924 BLEU,HERVE MONS,2023-02-05
24,COOPERS HILL,SOMERDALE,2023-02-06
25,RICOTTA SALATA,LOCATELLI,2023-02-07
26,GOUDA 36 MONTH,CLARINA,2023-02-08
27,GOUDA 18 MONTH,CLARINA,2023-02-09
28,FONTINA FONTAL,SEPERTINO,2023-02-10
29,GOUDA ORIGINALE,KAASAGGIO,2023-02-11
30,GOUDA ROBUSTO,KAASAGGIO,2023-02-12
31,GOUDA TRUFFLE RAW,KLARE MELK,2023-02-13
32,GOUDA DOUBLE CREAM,SPRING KOE,2023-02-14
33,CHEDDAR THE RATTLESNAKE,ARTISAN CHEESE EXCHANGE,2023-02-15
34,GOUDA GOAT,SPRING KOE,2023-02-16
35,CREMEUX KALTBACH,EMMI,2023-02-17
36,PEPPERS ROASTED RED,DIVINA,2023-02-18
37,ARTICHOKE QUARTERS HERBS,DIVINA,2023-02-19
38,OLIVES MT ATHOS GREEN GARLIC STUFFED,DIVINA,2023-02-20
39,SPNF WHILE STILTON WITH BLUEBERRIES,LONG CLAWSON,2023-02-21
40,OLIVES OLYMPIA PROVISIONS MIX,DIVINA,2023-02-22
41,HEARTS OF PALM TURMERIC SPICED,DIVINA,2023-02-23
42,SALAD CALABRIAN,DIVINA,2023-02-24
43,ALISIOS,MITICA,2023-02-25
44,OLIVES FRESCATRANOS PITTED,DIVINA,2023-02-26
45,TOMA TRUFFLE,POINT REYES FARMSTEAD,2023-02-27
46,COMTE 15 MONTH RAW,JEAN CHARLES ARNAUD,2023-02-28
47,BLUE ENRAPTURED ROUGE OG,ROGUE CREAMERY,2023-03-01
48,HIKA BAY,SAXON HOMESTEAD CREAMERY,2023-03-02
49,ALMONDS MARCONA ORANGE GINGER,MITICA,2023-03-03
50,LARGUETAS HONEY AND CINNAMON,MITICA,2023-03-04
51,ARTICHOKE MARINATED QUARTERS AJI CHILES,DIVINA,2023-03-05
52,QUICOS,MITICA,2023-03-06
53,SALAD MEDITERRANEAN POWER,DIVINA,2023-03-07
54,OLIVES MARINATED SICILIAN HERB PITTED,DIVINA,2023-03-08
55,BEANS GIGANDE VINAIGRETTE,DIVINA,2023-03-09
56,DOLMAS SUNFLOWER,DIVINA,2023-03-10
57,OLIVES MT ATHOS PITTED,DIVINA,2023-03-11
58,OLIVES PITTED MARINATED TANGERINE CHILI,DIVINA,2023-03-12
59,OLIVES GIARRAFFA SPICY CRACKED,DIVINA,2023-03-13
60,GOUDA 3 CHILI PEPPER CUBES,ROTH,2023-03-14
61,SMOKIN GOAT,MITICA,2023-03-15
62,TOMATOES ROASTED MEDIUM,DIVINA,2023-03-16
63,OLIVES CASTELVETRANO PITTED DIVINA,DIVINA,2023-03-17
64,OLIVES GREEK BLACK PITTED,DIVINA,2023-03-18
65,TAPENADE CHOPPED OLIVE,DIVINA,2023-03-19
66,PEPPERS PERUVIAN,DIVINA,2023-03-20
67,CHEDDAR WHITE BLACK CREEK 3 YEAR,BLACK CREEK,2023-03-21
68,CHOCOLATE SEMI SWEET 53.1PCT,CALLEBAUT,2023-03-22
69,SPREAD KALAMATA OLIVE,DIVINA,2023-03-23
70,OLIVES STUFFED FETA,DIVINA,2023-03-24
71,ARTICHOKE HEARTS BABY IN OIL,DIVINA,2023-03-25
72,OLIVES STUFFED JALAPENO PERU,DIVINA,2023-03-26
73,OLIVES SUNDRIED TOMATOES STUFFED,DIVINA,2023-03-27
74,PEPPERS LOMBARDO GARLIC,DIVINA,2023-03-28
75,OLIVES MT ATHOS RED PEPPER STUFFED BIG PACK,DIVINA,2023-03-29
76,OLIVES MT ATHOS ALMOND STUFFED,DIVINA,2023-03-30
77,CAPERBERRIES,DIVINA,2023-03-31
78,OLIVES CASTELVETRANO BIG PACK,DIVINA,2023-04-01
79,OLIVES KALAMATA PITTED BIG PACK,DIVINA,2023-04-02
80,OLIVES MT ATHOS PITTED CHILIS,DIVINA,2023-04-03
81,GARLIC CLOVES MARINATED,DIVINA,2023-04-04
82,SPREAD MUFFALETTA SALAD,DIVINA,2023-04-05
83,OKRA PICKLED HOT CRUNCHY,DIVINA,2023-04-06
84,OLIVES MEZE MIX,DIVINA,2023-04-07
85,GREEN BEANS PICKLED SPICY,DIVINA,2023-04-08
86,CAPERS NON PAREIL,DIVINA,2023-04-09
87,TOMATO PICKLES GREEN ESSIES,DIVINA,2023-04-10
88,CHEDDAR KILAREE CUBES,KERRYGOLD,2023-04-11
89,ALMONDS MARCONA LEMON PEPPER MADE IN HOSUE, SPECIALTY,2023-04-12
90,JACK MISSION PLAIN RUMIANO,RUMIANO,2023-04-13
91,JACK MISSION SICILIAN,RUMIANO,2023-04-14
92,CHEDDAR WHITE CATAMOUNT CABOT,CABOT,2023-04-15
93,STILTON WITH MANGO GINGER,LONG CLAWSON,2023-04-16
94,CURDS YELLOW,HENNINGS,2023-04-17
95,LANCASHIRE KIRKHAMS RAW,NEALS YARD,2023-04-18
96,PARMESAN SHAVED,BELGIOIOSO,2023-04-19
97,BELLAVITANO RUM RUNNER QUARTER,SARTORI CHEESE,2023-04-20
98,ALPHA TOLMAN CELLARS RAW,JASPER HILL FARM,2023-04-21
99,OLIVES DOLCE MIX,DIVINA,2023-04-22
100,BEETS MARINATED,DIVINA,2023-04-23
101,FONTINA CARR VALLEY,CARR VALLEY,2023-04-24
102,NUTS SPANISH COCKTAIL MIX,MITICA,2023-04-25
103,GOUDA 3 CHILI PEPPER,ROTH,2023-04-26
104,PROVOLONE,STORE BRAND,2023-04-27
105,CHEDDAR MILD,STORE BRAND,2023-04-28
106,COLBY JACK,STORE BRAND,2023-04-29
107,PEPPER JACK,STORE BRAND,2023-04-30
108,PAVINO,ROTH,2023-05-01
109,PESTO GENOVESE,IL FORTETO,2023-05-02
110,CHEDDAR SEASIDE SMOKED,ASHLEY CHASE ESTATE,2023-05-03
111,CORNICHONS,DIVINA,2023-05-04
112,BLUE ROQUEFORT REVELATION RAW,FROMAGERIES PAPILLON,2023-05-05
113,CAPRICHO WITH ROSEMARY,MITICA,2023-05-06
114,CHEDDAR SWEET RED,BARBERS,2023-05-07
115,OLIVES SALAD MIX PITTED,DIVINA,2023-05-08
116,UBRIACO PROSECCO,MITICA,2023-05-09
117,HOP ALONG OG,COWGIRL CREAMERY,2023-05-10
118,GOUDA YOUNGSTERS SMOKED,ARTIKAAS,2023-05-11
119,OLIVES READY TO ROAST MIX,DIVINA,2023-05-12
120,NEGRONI BLUE CHEESE,MITICA,2023-05-13
121,BELLAVITANO MERLOT,SARTORI CHEESE,2023-05-14
122,CHEDDAR BARBERS 1833,BARBERS,2023-05-15
123,ORO ITALIANO,MITICA,2023-05-16
124,HUMBOLDT FOG,CYPRESS GROVE,2023-05-17
125,EMMENTALER SINGLE SOURCE RAW,EMMI,2023-05-18
126,MANCHEGO 12 MONTH,EL TRIGAL,2023-05-19
127,CAMPO DE MONTALBAN,MITICA,2023-05-20
128,MANCHEGO 6 MONTH,EL TRIGAL,2023-05-21
129,GRUYERE CAVE AGED KALTBACH RAW,EMMI,2023-05-22
130,COLSTON BASSETT STILTON VEG RENNET,NEALS YARD,2023-05-23
131,BLUE GORGONZOLA DOLCE,IGOR,2023-05-24
132,PARMESAN SARVECCHIO QUARTER,SARTORI CHEESE,2023-05-25
133,EMMENTALER CAVE AGED KALTBACH RAW,EMMI,2023-05-26
134,BRIE DE PARIS,LACTALIS,2023-05-27
135,BLUE ORIGINAL RAW,POINT REYES FARMSTEAD,2023-05-28
136,PORT SALUT,SAFR,2023-05-29
137,TRIPLE CREAM,ST ANDRE,2023-05-30
138,WENSLEYDALE CRANBERRY,SOMERDALE,2023-05-31
139,BLUE SAINT AGUR,SAINT AGUR,2023-06-01
140,LA TUR,ALTA LANGA,2023-06-02
141,PARMESAN SHRED,BELGIOIOSO,2023-06-03
142,CORDOBES,MITICA,2023-06-04
143,BRIE FROMAGER D AFFINOIS,FROMAGER D AFFINOIS,2023-06-05
144,OSSAU IRATY 8 - 12 MONTH,AGOUR,2023-06-06
145,PIAVE VECCHIO AGED 12 MONTHS,AGRIFORM,2023-06-07
146,TALEGGIO,CA DE AMBROS,2023-06-08
147,PETIT BASQUE,ISTARA,2023-06-09
148,BLUE GORGONZOLA PICCANTE,IGOR,2023-06-10
149,PECORINO ROMANO ORIGINAL FULVI,FULVI,2023-06-11
150,JARLSBERG LOAF,NORSELAND,2023-06-12
151,MOZZARELLA LOAF WHOLE MILK GRANDE,IL GIARDINO,2023-06-13
152,SOTTOCENERE AL TARTUFO,MITICA,2023-06-14
153,JARLSBERG LITE LOAF,NORSELAND,2023-06-15
154,PARMIGIANO REGGIANO GRATED RAW,MITICA,2023-06-16
155,BLUE DANISH,ROSENBORG,2023-06-17
156,BLUE BUTTERMILK RAW,ROTH,2023-06-18
157,FONTINA VAL D AOSTA RAW,MITICA,2023-06-19
158,MAHON,MITICA,2023-06-20
159,CHEDDAR FARMHOUSE KEENS RAW,NEALS YARD,2023-06-21
160,DELICE DE BOURGOGNE,LINCET,2023-06-22
161,MIDNIGHT MOON,CYPRESS GROVE,2023-06-23
162,ASIAGO FRESCO,MITICA,2023-06-24
163,CHEDDAR EXTRA SHARP,TILLAMOOK,2023-06-25
164,DRUNKEN GOAT,MITICA,2023-06-26
165,PETIT AGOUR,AGOUR,2023-06-27
166,PARMIGIANO REGGIANO RINDS RAW,MITICA,2023-06-28
167,MANOURI,KRINOS,2023-06-29
168,CANA DE CABRA,MITICA,2023-06-30
169,CHEDDAR PORTER,CAHILL,2023-07-01
170,PECORINO ROMANO SHRED,FULVI,2023-07-02
171,BLUE CAMBOZOLA,CHAMPIGNON,2023-07-03
172,BLUE D AUVERGNE RAW PDO,LIVRADOIS,2023-07-04
173,PECORINO TOSCANO,MITICA,2023-07-05
174,MIMOLETTE 12 MONTH,ISIGNY STE MERE,2023-07-06
175,MOZZARELLA SMOKED,IL GIARDINO,2023-07-07
176,Lincolnshire Poacher,NEALS YARD,2023-07-08
177,BLUE AMISH,SALEMVILLE,2023-07-09
178,LAMB CHOPPER,CYPRESS GROVE,2023-07-10
179,JARLSBERG,NORSELAND,2023-07-11
180,CAPRICHO DE CABRA,MITICA,2023-07-12
181,RED DRAGON,SOMERDALE,2023-07-13
182,CHEDDAR SMOKED,CARR VALLEY,2023-07-14
183,BRIE SAINT ANGEL,FROMAGER D AFFINOIS,2023-07-15
184,GRAN QUESO,ROTH,2023-07-16
185,PROVOLONE SMOKED MEZZALUNA,MEZZALUNA,2023-07-17
186,TOMME THOMASVILLE RAW,SWEET GRASS DAIRY,2023-07-18
187,APPLEBYS CHESHIRE RAW,NEALS YARD,2023-07-19
188,SWISS RACLETTE,EMMI,2023-07-20
189,STILTON WITH LEMON,LONG CLAWSON,2023-07-21
190,PYRENEES BREBIS,HERVE MONS,2023-07-22
191,PICAQUICOS,MITICA,2023-07-23
192,BLUE BAYLEY HAZEN RAW,JASPER HILL FARM,2023-07-24
193,OLIVES STUFFED BLUE CHEESE,DIVINA,2023-07-25
194,GABIETOU,HERVE MONS,2023-07-26
195,PLEASANT RIDGE RESERVE RAW,UPLANDS CHEESE,2023-07-27
196,RED LEICESTER SPARKENHOE RAW,NEALS YARD,2023-07-28
197,CHEDDAR CABOT CLOTHBOUND,JASPER HILL FARM,2023-07-29
198,GOUDA PEPPER,MARIEKE,2023-07-30
199,OLIVES KALAMATA WITH PIT,DIVINA,2023-07-31
200,OLIVES CERIGNOLA GREEN MFG DISCO,DIVINA,2023-08-01
201,OLIVES GREEK OLIVE MIX,DIVINA,2023-08-02
202,OLIVES GREEK OLIVE MIX PITTED,DIVINA,2023-08-03
203,PEPPERS RED PEPPADEW,DIVINA,2023-08-04
204,ALMONDS MARCONA,MITICA,2023-08-05
205,CHEDDAR CUBE,ARTHUR SCHUMAN,2023-08-06
206,TRUFFLE TREMOR,CYPRESS GROVE,2023-08-07
207,CHEDDAR SEASIDE,ASHLEY CHASE ESTATE,2023-08-08
208,CHEDDAR KILAREE AGED 15 MONTH,KERRYGOLD,2023-08-09
209,PARMIGIANO REGGIANO 24 MONTH RAW,MITICA,2023-08-10
210,BRIE LE PETIT,LACTALIS,2023-08-11
211,MANCHEGO 3 MONTH,CORCUERA,2023-08-12
212,CAPRICHO DE CABRA WITH HERBS,MITICA,2023-08-13
213,COLBY CUBES,ARTHUR SCHUMAN,2023-08-14
214,MUSHROOMS GARLIC HERB,DIVINA,2023-08-15
215,QUADRELLO DI BUFALA,MITICA,2023-08-16
216,CHEDDAR SMOKED GOAT,CARR VALLEY,2023-08-17
217,MOZZARELLA LMPS DELI,STORE BRAND,2023-08-18
218,CAPRICHO DE CABRA W/ PIMENTON,MITICA,2023-08-19
219,LANDAFF,NEALS YARD,2023-08-20
220,BRIE METROPOLITAN,OLD EUROPE,2023-08-21
221,GARLIC ROASTED,DIVINA,2023-08-22
222,DOMAS PROMO,DIVINA,2023-08-23
223,OLIVES MIXED GREEK PITTED PROMO,DIVINA,2023-08-24
224,DISC CHOCOLATE DARK 70 OG,BEYOND GOOD,2023-08-25
225,DISC CHOCOLATE DARK 95 OG,BEYOND GOOD,2023-08-26
226,CHEESE MT TAM TRIPLE CREAM OG,COWGIRL CREAMERY,2023-08-27
227,ROASTED GARLIC CLOVES,DIVINA,2023-08-28
228,LE MARECHAL,EMMI,2023-08-29
229,PITTED OLIVES WITH FETA AND OIL,APETINA,2023-08-30
